run_key,run_label,cases,correct,incorrect,accuracy,mean_total_tokens,total_tokens,mean_seconds,total_seconds,mean_completion_tokens,tokens_per_correct
frozen,Artifact 01 frozen pruned,30,15,15,0.5,711100.4,21333011,182.981,5489.427,7767.1,1422200.7
unrestricted,Artifact 02 unrestricted,30,22,8,0.733333,1125450.6,33763517,380.391,11411.724,16972.4,1534705.3
current,Artifact 03 Apr27 benchmarkgrade,30,21,9,0.7,128624.7,3858740,343.574,10307.225,25771.5,183749.5
official,Artifact 04 Apr28 RAB v33,30,17,13,0.566667,134445.9,4033378,385.236,11557.078,28998.7,237257.5
v34,Artifact 06 V34 full test run,30,29,1,0.966667,4354926.6,130647799,1428.362,42850.851,34424.6,4505096.5
