run_key,run_label,run_short_label,claim_class,cases,correct,accuracy,mean_logged_tokens,total_logged_tokens,total_wall_seconds,run_hours,logged_tokens_per_second,normalized_cost_per_million_per_usd_hour,observed_colab_compute_units,observed_colab_cost_usd,observed_colab_cost_per_million_logged_tokens,runs_per_600cu_pack
frozen,Artifact 01 frozen pruned,Frozen,blind/pruned baseline,30,15,0.500000,711100.400000,21333011,5489.428000,1.524841,3886.199254,0.071478,13.281366,1.106781,0.051881,45.176076
unrestricted,Artifact 02 unrestricted,Unrestricted,high-budget reference,30,22,0.733333,1125450.600000,33763517,11411.722000,3.169923,2958.669778,0.093886,27.610027,2.300836,0.068146,21.731235
current,Artifact 03 Apr27 benchmarkgrade,Apr27 benchmark,compact benchmarkgrade,30,21,0.700000,128624.700000,3858740,10307.226000,2.863118,374.372309,0.741983,24.937761,2.078147,0.538556,24.059899
official,Artifact 04 Apr28 RAB v33,Apr28 RAB v33,Runtime-at-Boot negative diagnostic,30,17,0.566667,134445.900000,4033378,11557.076000,3.210299,348.996407,0.795933,27.961703,2.330142,0.577715,21.457920
v34,Artifact 06 V34 answer-aware replay,V34 answer-aware,answer-aware context-recall replay,30,29,0.966667,4354926.600000,130647799,42850.851000,11.903014,3048.896252,0.091108,103.675253,8.639604,0.066129,5.787302
