problem_band,cases,correct,average_seconds,average_completion_tokens,average_transcript_chars,incorrect,accuracy
1-8,8,8,164.009525,6577.5,16968.5,0,1.0
9-15,7,0,202.9329857142857,9029.142857142857,22782.714285714286,7,0.0
16-22,7,4,176.85704285714286,7371.285714285715,18905.428571428572,3,0.5714285714285714
23-30,8,3,189.8526125,8198.625,20059.625,5,0.375
