phase,turns,cap,cap_hits,average_completion_tokens,max_completion_tokens,average_prompt_tokens,average_wall_seconds,hit_rate
athena_open,30,1024,29,1023.3333333333334,1024,34177.433333333334,16.09013,0.9666666666666667
aria_exchange_1,30,1280,22,1175.6333333333334,1280,68625.63333333333,22.65255,0.7333333333333333
artemis_exchange_1,30,1280,16,1055.8666666666666,1280,124273.9,30.544883333333335,0.5333333333333333
aria_exchange_2,30,1280,17,976.4333333333333,1280,72002.03333333334,20.24841,0.5666666666666667
artemis_exchange_2,30,1280,14,951.2333333333333,1280,126180.6,29.274330000000003,0.4666666666666667
aria_report,30,1280,12,918.3,1280,73557.5,19.652713333333335,0.4
artemis_report,30,1280,10,926.0,1280,126783.5,28.988803333333333,0.3333333333333333
athena_synthesis,30,768,22,728.7,768,42545.2,12.99352,0.7333333333333333
athena_finalization,30,128,0,11.566666666666666,13,35187.5,2.4798433333333336,0.0
