problem_band,cases,correct,average_seconds,average_completion_tokens,average_transcript_chars,incorrect,accuracy
1-8,8,8,269.9140875,10497.25,30096.75,0,1.0
9-15,7,2,413.7421428571428,18881.285714285714,52619.0,5,0.2857142857142857
16-22,7,6,370.7168285714286,16391.714285714286,44474.57142857143,1,0.8571428571428571
23-30,8,6,470.1498,22285.25,54232.0,2,0.75
