turn_id,turn,current_output_cap,cap_share,implied_total_tokens_per_turn,implied_seconds_per_turn
1,Athena,8192,0.262295082,129422.926,126.413
2,Aria,4096,0.131147541,64711.463,63.207
3,Artemis,4096,0.131147541,64711.463,63.207
4,Aria,4096,0.131147541,64711.463,63.207
5,Artemis,4096,0.131147541,64711.463,63.207
6,Aria report,2048,0.06557377,32355.731,31.603
7,Artemis report,2048,0.06557377,32355.731,31.603
8,Athena synthesis,2048,0.06557377,32355.731,31.603
9,Athena final answer,512,0.016393443,8088.933,7.901
